[{"model": "admin.logentry", "pk": 1, "fields": {"action_time": "2022-01-24T18:03:53.804Z", "user": 3, "content_type": 7, "object_id": "13", "object_repr": "Светодиодная (Лампы)", "action_flag": 2, "change_message": "[{\"changed\": {\"fields\": [\"\\u0418\\u043c\\u044f\"]}}]"}}, {"model": "admin.logentry", "pk": 2, "fields": {"action_time": "2022-01-24T18:04:09.371Z", "user": 3, "content_type": 7, "object_id": "15", "object_repr": "Настольная лампа (Лампы)", "action_flag": 2, "change_message": "[{\"changed\": {\"fields\": [\"Category\"]}}]"}}, {"model": "admin.logentry", "pk": 3, "fields": {"action_time": "2022-01-25T08:40:51.444Z", "user": 3, "content_type": 7, "object_id": "12", "object_repr": "Лампа из 90-х (Лампы)", "action_flag": 2, "change_message": "[{\"changed\": {\"fields\": [\"\\u0426\\u0435\\u043d\\u0430\", \"\\u041a\\u043e\\u043b\\u0438\\u0447\\u0435\\u0441\\u0442\\u0432\\u043e \\u0442\\u043e\\u0432\\u0430\\u0440\\u043e\\u0432 \\u043d\\u0430 \\u0441\\u043a\\u043b\\u0430\\u0434\\u0435\"]}}]"}}, {"model": "admin.logentry", "pk": 4, "fields": {"action_time": "2022-01-27T14:27:05.195Z", "user": 3, "content_type": 7, "object_id": "16", "object_repr": "Стул Slam (Стулья)", "action_flag": 1, "change_message": "[{\"added\": {}}]"}}, {"model": "admin.logentry", "pk": 5, "fields": {"action_time": "2022-01-27T14:28:38.397Z", "user": 3, "content_type": 7, "object_id": "17", "object_repr": "Стул Brem (Стулья)", "action_flag": 1, "change_message": "[{\"added\": {}}]"}}, {"model": "admin.logentry", "pk": 6, "fields": {"action_time": "2022-01-27T14:30:31.620Z", "user": 3, "content_type": 7, "object_id": "18", "object_repr": "Стул Belen (Стулья)", "action_flag": 1, "change_message": "[{\"added\": {}}]"}}, {"model": "admin.logentry", "pk": 7, "fields": {"action_time": "2022-01-27T14:32:54.054Z", "user": 3, "content_type": 7, "object_id": "19", "object_repr": "Стол СП-12 (Столы)", "action_flag": 1, "change_message": "[{\"added\": {}}]"}}, {"model": "admin.logentry", "pk": 8, "fields": {"action_time": "2022-01-27T14:34:31.962Z", "user": 3, "content_type": 7, "object_id": "20", "object_repr": "Cтол SCANDICA (Столы)", "action_flag": 1, "change_message": "[{\"added\": {}}]"}}, {"model": "admin.logentry", "pk": 9, "fields": {"action_time": "2022-01-27T14:37:09.327Z", "user": 3, "content_type": 7, "object_id": "21", "object_repr": "Стол Онтарио (Столы)", "action_flag": 1, "change_message": "[{\"added\": {}}]"}}, {"model": "admin.logentry", "pk": 10, "fields": {"action_time": "2022-01-27T14:42:13.078Z", "user": 3, "content_type": 7, "object_id": "12", "object_repr": "Лампа из 90-х (Лампы)", "action_flag": 2, "change_message": "[{\"changed\": {\"fields\": [\"Image\"]}}]"}}, {"model": "admin.logentry", "pk": 11, "fields": {"action_time": "2022-01-27T14:42:30.228Z", "user": 3, "content_type": 7, "object_id": "14", "object_repr": "Лава-лампа (Лампы)", "action_flag": 2, "change_message": "[{\"changed\": {\"fields\": [\"\\u0426\\u0435\\u043d\\u0430\", \"Image\"]}}]"}}, {"model": "admin.logentry", "pk": 12, "fields": {"action_time": "2022-01-27T14:43:03.439Z", "user": 3, "content_type": 7, "object_id": "15", "object_repr": "Настольная лампа (Лампы)", "action_flag": 2, "change_message": "[{\"changed\": {\"fields\": [\"\\u0426\\u0435\\u043d\\u0430\", \"Image\"]}}]"}}, {"model": "admin.logentry", "pk": 13, "fields": {"action_time": "2022-01-27T14:44:10.339Z", "user": 3, "content_type": 7, "object_id": "13", "object_repr": "Светодиодная (Лампы)", "action_flag": 2, "change_message": "[{\"changed\": {\"fields\": [\"\\u0426\\u0435\\u043d\\u0430\", \"Image\"]}}]"}}, {"model": "admin.logentry", "pk": 14, "fields": {"action_time": "2022-01-27T15:05:22.670Z", "user": 3, "content_type": 7, "object_id": "19", "object_repr": "Стол СП-12 (Столы)", "action_flag": 2, "change_message": "[{\"changed\": {\"fields\": [\"Image\"]}}]"}}, {"model": "admin.logentry", "pk": 15, "fields": {"action_time": "2022-01-27T15:05:32.720Z", "user": 3, "content_type": 7, "object_id": "14", "object_repr": "Лава-лампа (Лампы)", "action_flag": 2, "change_message": "[{\"changed\": {\"fields\": [\"Image\"]}}]"}}, {"model": "admin.logentry", "pk": 16, "fields": {"action_time": "2022-01-27T15:05:40.123Z", "user": 3, "content_type": 7, "object_id": "16", "object_repr": "Стул Slam (Стулья)", "action_flag": 2, "change_message": "[{\"changed\": {\"fields\": [\"Image\"]}}]"}}, {"model": "admin.logentry", "pk": 17, "fields": {"action_time": "2022-01-27T15:05:46.670Z", "user": 3, "content_type": 7, "object_id": "12", "object_repr": "Лампа из 90-х (Лампы)", "action_flag": 2, "change_message": "[{\"changed\": {\"fields\": [\"Image\"]}}]"}}, {"model": "admin.logentry", "pk": 18, "fields": {"action_time": "2022-01-27T15:05:52.247Z", "user": 3, "content_type": 7, "object_id": "21", "object_repr": "Стол Онтарио (Столы)", "action_flag": 2, "change_message": "[{\"changed\": {\"fields\": [\"Image\"]}}]"}}, {"model": "admin.logentry", "pk": 19, "fields": {"action_time": "2022-01-27T15:05:58.356Z", "user": 3, "content_type": 7, "object_id": "20", "object_repr": "Cтол SCANDICA (Столы)", "action_flag": 2, "change_message": "[{\"changed\": {\"fields\": [\"Image\"]}}]"}}, {"model": "admin.logentry", "pk": 20, "fields": {"action_time": "2022-01-27T15:06:06.306Z", "user": 3, "content_type": 7, "object_id": "19", "object_repr": "Стол СП-12 (Столы)", "action_flag": 2, "change_message": "[]"}}, {"model": "admin.logentry", "pk": 21, "fields": {"action_time": "2022-01-27T15:07:14.492Z", "user": 3, "content_type": 7, "object_id": "18", "object_repr": "Стул Belen (Стулья)", "action_flag": 2, "change_message": "[{\"changed\": {\"fields\": [\"Image\"]}}]"}}, {"model": "admin.logentry", "pk": 22, "fields": {"action_time": "2022-01-27T15:07:21.742Z", "user": 3, "content_type": 7, "object_id": "13", "object_repr": "Светодиодная (Лампы)", "action_flag": 2, "change_message": "[{\"changed\": {\"fields\": [\"Image\"]}}]"}}, {"model": "admin.logentry", "pk": 23, "fields": {"action_time": "2022-01-27T15:07:27.177Z", "user": 3, "content_type": 7, "object_id": "21", "object_repr": "Стол Онтарио (Столы)", "action_flag": 2, "change_message": "[]"}}, {"model": "admin.logentry", "pk": 24, "fields": {"action_time": "2022-01-27T15:12:34.311Z", "user": 3, "content_type": 7, "object_id": "12", "object_repr": "Лампа из 90-х (Лампы)", "action_flag": 2, "change_message": "[{\"changed\": {\"fields\": [\"Image\"]}}]"}}, {"model": "admin.logentry", "pk": 25, "fields": {"action_time": "2022-01-27T15:14:47.233Z", "user": 3, "content_type": 7, "object_id": "13", "object_repr": "Светодиодная (Лампы)", "action_flag": 2, "change_message": "[{\"changed\": {\"fields\": [\"\\u0426\\u0435\\u043d\\u0430\", \"Image\"]}}]"}}, {"model": "admin.logentry", "pk": 26, "fields": {"action_time": "2022-01-27T15:15:16.386Z", "user": 3, "content_type": 7, "object_id": "14", "object_repr": "Лава-лампа (Лампы)", "action_flag": 2, "change_message": "[{\"changed\": {\"fields\": [\"Image\"]}}]"}}, {"model": "admin.logentry", "pk": 27, "fields": {"action_time": "2022-01-27T15:16:46.267Z", "user": 3, "content_type": 7, "object_id": "18", "object_repr": "Стул Belen (Стулья)", "action_flag": 2, "change_message": "[{\"changed\": {\"fields\": [\"Image\"]}}]"}}, {"model": "admin.logentry", "pk": 28, "fields": {"action_time": "2022-01-27T15:16:52.697Z", "user": 3, "content_type": 7, "object_id": "18", "object_repr": "Стул Belen (Стулья)", "action_flag": 2, "change_message": "[]"}}, {"model": "admin.logentry", "pk": 29, "fields": {"action_time": "2022-01-27T15:17:00.633Z", "user": 3, "content_type": 7, "object_id": "17", "object_repr": "Стул Brem (Стулья)", "action_flag": 2, "change_message": "[]"}}, {"model": "admin.logentry", "pk": 30, "fields": {"action_time": "2022-01-27T15:17:10.208Z", "user": 3, "content_type": 7, "object_id": "16", "object_repr": "Стул Slam (Стулья)", "action_flag": 2, "change_message": "[{\"changed\": {\"fields\": [\"Image\"]}}]"}}, {"model": "admin.logentry", "pk": 31, "fields": {"action_time": "2022-01-27T15:19:31.334Z", "user": 3, "content_type": 7, "object_id": "20", "object_repr": "Cтол SCANDICA (Столы)", "action_flag": 2, "change_message": "[{\"changed\": {\"fields\": [\"Image\"]}}]"}}, {"model": "admin.logentry", "pk": 32, "fields": {"action_time": "2022-01-27T15:19:38.534Z", "user": 3, "content_type": 7, "object_id": "20", "object_repr": "Cтол SCANDICA (Столы)", "action_flag": 2, "change_message": "[]"}}, {"model": "admin.logentry", "pk": 33, "fields": {"action_time": "2022-01-27T15:19:47.807Z", "user": 3, "content_type": 7, "object_id": "18", "object_repr": "Стул Belen (Стулья)", "action_flag": 2, "change_message": "[]"}}, {"model": "admin.logentry", "pk": 34, "fields": {"action_time": "2022-01-27T15:20:05.951Z", "user": 3, "content_type": 7, "object_id": "19", "object_repr": "Стол СП-12 (Столы)", "action_flag": 2, "change_message": "[{\"changed\": {\"fields\": [\"Image\"]}}]"}}, {"model": "admin.logentry", "pk": 35, "fields": {"action_time": "2022-01-27T15:20:12.227Z", "user": 3, "content_type": 7, "object_id": "20", "object_repr": "Cтол SCANDICA (Столы)", "action_flag": 2, "change_message": "[]"}}, {"model": "admin.logentry", "pk": 36, "fields": {"action_time": "2022-01-27T15:20:21.593Z", "user": 3, "content_type": 7, "object_id": "21", "object_repr": "Стол Онтарио (Столы)", "action_flag": 2, "change_message": "[{\"changed\": {\"fields\": [\"Image\"]}}]"}}, {"model": "admin.logentry", "pk": 37, "fields": {"action_time": "2022-02-01T13:12:45.633Z", "user": 3, "content_type": 7, "object_id": "12", "object_repr": "Лампа из 90-х (Лампы)", "action_flag": 2, "change_message": "[{\"changed\": {\"fields\": [\"\\u0426\\u0435\\u043d\\u0430\"]}}]"}}, {"model": "auth.permission", "pk": 1, "fields": {"name": "Can add log entry", "content_type": 1, "codename": "add_logentry"}}, {"model": "auth.permission", "pk": 2, "fields": {"name": "Can change log entry", "content_type": 1, "codename": "change_logentry"}}, {"model": "auth.permission", "pk": 3, "fields": {"name": "Can delete log entry", "content_type": 1, "codename": "delete_logentry"}}, {"model": "auth.permission", "pk": 4, "fields": {"name": "Can view log entry", "content_type": 1, "codename": "view_logentry"}}, {"model": "auth.permission", "pk": 5, "fields": {"name": "Can add permission", "content_type": 2, "codename": "add_permission"}}, {"model": "auth.permission", "pk": 6, "fields": {"name": "Can change permission", "content_type": 2, "codename": "change_permission"}}, {"model": "auth.permission", "pk": 7, "fields": {"name": "Can delete permission", "content_type": 2, "codename": "delete_permission"}}, {"model": "auth.permission", "pk": 8, "fields": {"name": "Can view permission", "content_type": 2, "codename": "view_permission"}}, {"model": "auth.permission", "pk": 9, "fields": {"name": "Can add group", "content_type": 3, "codename": "add_group"}}, {"model": "auth.permission", "pk": 10, "fields": {"name": "Can change group", "content_type": 3, "codename": "change_group"}}, {"model": "auth.permission", "pk": 11, "fields": {"name": "Can delete group", "content_type": 3, "codename": "delete_group"}}, {"model": "auth.permission", "pk": 12, "fields": {"name": "Can view group", "content_type": 3, "codename": "view_group"}}, {"model": "auth.permission", "pk": 13, "fields": {"name": "Can add content type", "content_type": 4, "codename": "add_contenttype"}}, {"model": "auth.permission", "pk": 14, "fields": {"name": "Can change content type", "content_type": 4, "codename": "change_contenttype"}}, {"model": "auth.permission", "pk": 15, "fields": {"name": "Can delete content type", "content_type": 4, "codename": "delete_contenttype"}}, {"model": "auth.permission", "pk": 16, "fields": {"name": "Can view content type", "content_type": 4, "codename": "view_contenttype"}}, {"model": "auth.permission", "pk": 17, "fields": {"name": "Can add session", "content_type": 5, "codename": "add_session"}}, {"model": "auth.permission", "pk": 18, "fields": {"name": "Can change session", "content_type": 5, "codename": "change_session"}}, {"model": "auth.permission", "pk": 19, "fields": {"name": "Can delete session", "content_type": 5, "codename": "delete_session"}}, {"model": "auth.permission", "pk": 20, "fields": {"name": "Can view session", "content_type": 5, "codename": "view_session"}}, {"model": "auth.permission", "pk": 21, "fields": {"name": "Can add product category", "content_type": 6, "codename": "add_productcategory"}}, {"model": "auth.permission", "pk": 22, "fields": {"name": "Can change product category", "content_type": 6, "codename": "change_productcategory"}}, {"model": "auth.permission", "pk": 23, "fields": {"name": "Can delete product category", "content_type": 6, "codename": "delete_productcategory"}}, {"model": "auth.permission", "pk": 24, "fields": {"name": "Can view product category", "content_type": 6, "codename": "view_productcategory"}}, {"model": "auth.permission", "pk": 25, "fields": {"name": "Can add product", "content_type": 7, "codename": "add_product"}}, {"model": "auth.permission", "pk": 26, "fields": {"name": "Can change product", "content_type": 7, "codename": "change_product"}}, {"model": "auth.permission", "pk": 27, "fields": {"name": "Can delete product", "content_type": 7, "codename": "delete_product"}}, {"model": "auth.permission", "pk": 28, "fields": {"name": "Can view product", "content_type": 7, "codename": "view_product"}}, {"model": "auth.permission", "pk": 29, "fields": {"name": "Can add user", "content_type": 8, "codename": "add_shopuser"}}, {"model": "auth.permission", "pk": 30, "fields": {"name": "Can change user", "content_type": 8, "codename": "change_shopuser"}}, {"model": "auth.permission", "pk": 31, "fields": {"name": "Can delete user", "content_type": 8, "codename": "delete_shopuser"}}, {"model": "auth.permission", "pk": 32, "fields": {"name": "Can view user", "content_type": 8, "codename": "view_shopuser"}}, {"model": "auth.permission", "pk": 33, "fields": {"name": "Can add cart", "content_type": 9, "codename": "add_cart"}}, {"model": "auth.permission", "pk": 34, "fields": {"name": "Can change cart", "content_type": 9, "codename": "change_cart"}}, {"model": "auth.permission", "pk": 35, "fields": {"name": "Can delete cart", "content_type": 9, "codename": "delete_cart"}}, {"model": "auth.permission", "pk": 36, "fields": {"name": "Can view cart", "content_type": 9, "codename": "view_cart"}}, {"model": "auth.permission", "pk": 37, "fields": {"name": "Can add association", "content_type": 10, "codename": "add_association"}}, {"model": "auth.permission", "pk": 38, "fields": {"name": "Can change association", "content_type": 10, "codename": "change_association"}}, {"model": "auth.permission", "pk": 39, "fields": {"name": "Can delete association", "content_type": 10, "codename": "delete_association"}}, {"model": "auth.permission", "pk": 40, "fields": {"name": "Can view association", "content_type": 10, "codename": "view_association"}}, {"model": "auth.permission", "pk": 41, "fields": {"name": "Can add code", "content_type": 11, "codename": "add_code"}}, {"model": "auth.permission", "pk": 42, "fields": {"name": "Can change code", "content_type": 11, "codename": "change_code"}}, {"model": "auth.permission", "pk": 43, "fields": {"name": "Can delete code", "content_type": 11, "codename": "delete_code"}}, {"model": "auth.permission", "pk": 44, "fields": {"name": "Can view code", "content_type": 11, "codename": "view_code"}}, {"model": "auth.permission", "pk": 45, "fields": {"name": "Can add nonce", "content_type": 12, "codename": "add_nonce"}}, {"model": "auth.permission", "pk": 46, "fields": {"name": "Can change nonce", "content_type": 12, "codename": "change_nonce"}}, {"model": "auth.permission", "pk": 47, "fields": {"name": "Can delete nonce", "content_type": 12, "codename": "delete_nonce"}}, {"model": "auth.permission", "pk": 48, "fields": {"name": "Can view nonce", "content_type": 12, "codename": "view_nonce"}}, {"model": "auth.permission", "pk": 49, "fields": {"name": "Can add user social auth", "content_type": 13, "codename": "add_usersocialauth"}}, {"model": "auth.permission", "pk": 50, "fields": {"name": "Can change user social auth", "content_type": 13, "codename": "change_usersocialauth"}}, {"model": "auth.permission", "pk": 51, "fields": {"name": "Can delete user social auth", "content_type": 13, "codename": "delete_usersocialauth"}}, {"model": "auth.permission", "pk": 52, "fields": {"name": "Can view user social auth", "content_type": 13, "codename": "view_usersocialauth"}}, {"model": "auth.permission", "pk": 53, "fields": {"name": "Can add partial", "content_type": 14, "codename": "add_partial"}}, {"model": "auth.permission", "pk": 54, "fields": {"name": "Can change partial", "content_type": 14, "codename": "change_partial"}}, {"model": "auth.permission", "pk": 55, "fields": {"name": "Can delete partial", "content_type": 14, "codename": "delete_partial"}}, {"model": "auth.permission", "pk": 56, "fields": {"name": "Can view partial", "content_type": 14, "codename": "view_partial"}}, {"model": "auth.permission", "pk": 57, "fields": {"name": "Can add shop user profile", "content_type": 15, "codename": "add_shopuserprofile"}}, {"model": "auth.permission", "pk": 58, "fields": {"name": "Can change shop user profile", "content_type": 15, "codename": "change_shopuserprofile"}}, {"model": "auth.permission", "pk": 59, "fields": {"name": "Can delete shop user profile", "content_type": 15, "codename": "delete_shopuserprofile"}}, {"model": "auth.permission", "pk": 60, "fields": {"name": "Can view shop user profile", "content_type": 15, "codename": "view_shopuserprofile"}}, {"model": "auth.permission", "pk": 61, "fields": {"name": "Can add заказ", "content_type": 16, "codename": "add_order"}}, {"model": "auth.permission", "pk": 62, "fields": {"name": "Can change заказ", "content_type": 16, "codename": "change_order"}}, {"model": "auth.permission", "pk": 63, "fields": {"name": "Can delete заказ", "content_type": 16, "codename": "delete_order"}}, {"model": "auth.permission", "pk": 64, "fields": {"name": "Can view заказ", "content_type": 16, "codename": "view_order"}}, {"model": "auth.permission", "pk": 65, "fields": {"name": "Can add order item", "content_type": 17, "codename": "add_orderitem"}}, {"model": "auth.permission", "pk": 66, "fields": {"name": "Can change order item", "content_type": 17, "codename": "change_orderitem"}}, {"model": "auth.permission", "pk": 67, "fields": {"name": "Can delete order item", "content_type": 17, "codename": "delete_orderitem"}}, {"model": "auth.permission", "pk": 68, "fields": {"name": "Can view order item", "content_type": 17, "codename": "view_orderitem"}}, {"model": "sessions.session", "pk": "3py5b5k4p5dhlnvwts798zf6k20ybhsh", "fields": {"session_data": ".eJxVjDsOwjAQBe_iGlkbx19Kes5grXcdHEC2FCcV4u4QKQW0b2beS0Tc1hK3npc4sziLUZx-t4T0yHUHfMd6a5JaXZc5yV2RB-3y2jg_L4f7d1Cwl29NxhJ4SxMAah3QJVDZk9NkAAxnRejQqoAcrDWO1TR4ZgejokETgnh_AOCvN8A:1nPjLx:JpsOJ6CSuS75vaV4euGGOCsB8-8MtoKEjTK8TZ_N5e8", "expire_date": "2022-03-17T11:10:37.367Z"}}, {"model": "sessions.session", "pk": "5cdt47w0rrkekc1sw2o5qrvavvzi2ljn", "fields": {"session_data": ".eJxVjDsOwjAQBe_iGlkbx19Kes5grXcdHEC2FCcV4u4QKQW0b2beS0Tc1hK3npc4sziLUZx-t4T0yHUHfMd6a5JaXZc5yV2RB-3y2jg_L4f7d1Cwl29NxhJ4SxMAah3QJVDZk9NkAAxnRejQqoAcrDWO1TR4ZgejokETgnh_AOCvN8A:1nHqAZ:F-ou6MehT_h7yylEqGEGGtUabUGuxeR49Pz6yeCOoeA", "expire_date": "2022-02-23T16:50:15.786Z"}}, {"model": "sessions.session", "pk": "5n2wh5uw3kz87quadv62kys9kobuafee", "fields": {"session_data": ".eJxVjDsOwjAQBe_iGlnexL9Q0ucM1q69xgFkS_lUiLuTSCmgfTPz3iLgtpawLTyHKYmrcOLyuxHGJ9cDpAfWe5Ox1XWeSB6KPOkix5b4dTvdv4OCS9lrbbwHjkZFzL0F6zBpq7TLSOAtoGHVI0TIQ9cZ9okNJQLqzdDtjSXx-QLavzfD:1nJDp5:eJaAkFWK9Ro5TNXa6rKbOtBPud3F5x0il6_jzDANu8M", "expire_date": "2022-02-27T12:17:47.616Z"}}, {"model": "sessions.session", "pk": "60ear6poi890gtpy3qgvmmzy5e8hmecb", "fields": {"session_data": ".eJxVj8sOgjAQRf-la0XoQ1t3JmyMMbJSd01bpoIgqC3GR_x3izFGt-fm3DvzQA1cPZqiERqgSzVsVecLLJ1XHgK90xTgxDdpZpe7W5rut1jPQR_uGY6rhhyDJHtDdg7OssyDkpB_qJWpoOkT15pS1dK0Z4g-1EWXKlovVrN-9d8rlCuCFBsmiNUsgYRrOgGccyIIJUJwFhNsuRXMgBpbZhm2BqgVmOdxTkTCJxRoKP3svqtr5bys213Z_Bz2_Rs9X5ywWPg:1nMRbH:g7rvL5P7PyjNuvxPrP0cB-luzHkx33Lv3wsYCA7DfUw", "expire_date": "2022-03-08T09:36:51.926Z"}}, {"model": "sessions.session", "pk": "6grq6qjb8pos1kwmst2edzvlhns3sr6n", "fields": {"session_data": ".eJxVjEEOwiAQRe_C2pCCDC0u3fcMZJgZpGpoUtqV8e7apAvd_vfef6mI21ri1mSJE6uLcur0uyWkh9Qd8B3rbdY013WZkt4VfdCmx5nleT3cv4OCrXzrnIwTB9kbIDm77AA5I5PkAJS9DMREnfMSesBgPIcBuLfJWt-BF1bvDxkKONw:1nEqiX:9BJvvIQK6_OJKGIC94JEBDaex22_deoGYRM93KuxYKs", "expire_date": "2022-02-15T10:48:57.770Z"}}, {"model": "sessions.session", "pk": "8agjgpbohs8w38uq30fsxzbti5tt99hk", "fields": {"session_data": ".eJxVjDsOwjAQBe_iGlkbx19Kes5grXcdHEC2FCcV4u4QKQW0b2beS0Tc1hK3npc4sziLUZx-t4T0yHUHfMd6a5JaXZc5yV2RB-3y2jg_L4f7d1Cwl29NxhJ4SxMAah3QJVDZk9NkAAxnRejQqoAcrDWO1TR4ZgejokETgnh_AOCvN8A:1nEAAn:O9QlLt4XcwcqJ5G_qo3c5rVK1UgtFWUqf4zFHgRpVZk", "expire_date": "2022-02-13T13:23:17.415Z"}}, {"model": "sessions.session", "pk": "92g0vm4oabpuk4ybr13zd0o4hv6re9xh", "fields": {"session_data": ".eJxVjDsOwjAQBe_iGlkbx19Kes5grXcdHEC2FCcV4u4QKQW0b2beS0Tc1hK3npc4sziLUZx-t4T0yHUHfMd6a5JaXZc5yV2RB-3y2jg_L4f7d1Cwl29NxhJ4SxMAah3QJVDZk9NkAAxnRejQqoAcrDWO1TR4ZgejokETgnh_AOCvN8A:1nIRVm:NzHju0vpTn1PTg54boInE0bb763MMV1RSaFFsJUcEWM", "expire_date": "2022-02-25T08:42:38.126Z"}}, {"model": "sessions.session", "pk": "cc7uin43th7u0sgr529sh53ogcxwtafq", "fields": {"session_data": ".eJxVjDsOwjAQBe_iGlkbx19Kes5grXcdHEC2FCcV4u4QKQW0b2beS0Tc1hK3npc4sziLUZx-t4T0yHUHfMd6a5JaXZc5yV2RB-3y2jg_L4f7d1Cwl29NxhJ4SxMAah3QJVDZk9NkAAxnRejQqoAcrDWO1TR4ZgejokETgnh_AOCvN8A:1nD5hC:vr5lJUIz3_Llco9YmMSCjea8I5cR_WYefvJs2Q8jZ_E", "expire_date": "2022-02-10T14:24:18.456Z"}}, {"model": "sessions.session", "pk": "d53ym31hnpknyrnolh805hlho1l99w0w", "fields": {"session_data": ".eJxVj0uLwjAUhf9L1mMnt625iTsFZWAWQxdT3IW8-qC1xSbKiMx_NxUR3X6H75x7r2Rwf4GsyCf5IOduMapTaFLpgwouUrPflkVhQx2g3Hztpo2fymLQ9eGC_rdvjlGSsyFP3k2ytVGB_B1qZTo3zIkfTat6acbJJQ_qk3OXlN8_63n13WuUb6KkrVawtGgrZoUDU6FwlGZANSCCYCxDmgJyJgQHvWQ8pwp5JjC3DgSvYulj917dKx9kP9bt8HLY82_yfwMtXVkb:1nMVTn:aMiX7GMnNXJ6wj8D0wwY-y9RXvZ9P928lqYoeWAJnL0", "expire_date": "2022-03-08T13:45:23.779Z"}}, {"model": "sessions.session", "pk": "f3lsfvrrh7s8z70yhv00yqnt6uw5txlb", "fields": {"session_data": ".eJxVjDsOwjAQBe_iGlkbx19Kes5grXcdHEC2FCcV4u4QKQW0b2beS0Tc1hK3npc4sziLUZx-t4T0yHUHfMd6a5JaXZc5yV2RB-3y2jg_L4f7d1Cwl29NxhJ4SxMAah3QJVDZk9NkAAxnRejQqoAcrDWO1TR4ZgejokETgnh_AOCvN8A:1nL0Ab:KfQi2DZni5JkbHafZQTcHDm3OaeIN_iT-7y2KHlZZN4", "expire_date": "2022-03-04T10:07:21.139Z"}}, {"model": "sessions.session", "pk": "f8jytqyprhcwgw8qh7yjlpn2d1iz27vf", "fields": {"session_data": ".eJxVjDsOwjAQBe_iGlkbx19Kes5grXcdHEC2FCcV4u4QKQW0b2beS0Tc1hK3npc4sziLUZx-t4T0yHUHfMd6a5JaXZc5yV2RB-3y2jg_L4f7d1Cwl29NxhJ4SxMAah3QJVDZk9NkAAxnRejQqoAcrDWO1TR4ZgejokETgnh_AOCvN8A:1nETrM:oS0Z4kT3IhT-CxxI98_Uid9uUWvkGkZhIQFUOicmY38", "expire_date": "2022-02-14T10:24:32.175Z"}}, {"model": "sessions.session", "pk": "fvdmajscmgyp5pufcn7avtq1st5zge93", "fields": {"session_data": ".eJxVjLEOgjAURf-ls2ItpaVuakx0INHJxIU8XltBkBpbDInx34WEhfXcc-6XtKYPZENWZEE-9dJBF0qW-wDBDJRZv2Xm9bxy25xVUx8v8rDvb-51ytSts5chysci77x555UeknjOCsDatOOgH9DeXYSuDe-qiEYlmlYfZU6bZje5s4MSfDnUmAikqUBLKXCuQBaUmRQlx4TSRBuGIEEwBVoJkUjN7DrVWtKY4ZojUPL7AzS4TEY:1nU3qa:lFVIlPGfuw0nuAbW0JHMvVNKXWYF-V26xLIXstf7_e0", "expire_date": "2022-03-29T09:52:08.217Z"}}, {"model": "sessions.session", "pk": "hgw5oaovvc53kzub9q4meyo4a0l1bj3f", "fields": {"session_data": ".eJxVj8tuwjAQRf_FaxriYJuEHYu2CxAghCpYWWN7TNyEWMLmISH-HadCqGxmcUZn7p0b6fAayYQMyYCcmw8Pp1gXMkSImOjKrdXuazeeGU-7eHGfh_Xe-O85-t9FsVltkyR7Q54CHqUzSaHiHSrQDXb9JnjtoJXaHzF70pCdm-xntpz2qe9eDaFOEgowinNlKApmOYIyVtsSaVXwagSVzW2pWc4ENdzkbDxKsxC2ZNRqVLov88z9O91CiLL1e9f9K_b6m9wfaYVaqA:1nNCOd:W22g5PZLxu3eDzq4b_val0VaVbpXyzXSQVhjQoAI0NM", "expire_date": "2022-03-10T11:34:55.086Z"}}, {"model": "sessions.session", "pk": "hho6x9efjsij7gpbahrs5756uu9zm0du", "fields": {"session_data": ".eJxVjDsOwjAQBe_iGlkbx19Kes5grXcdHEC2FCcV4u4QKQW0b2beS0Tc1hK3npc4sziLUZx-t4T0yHUHfMd6a5JaXZc5yV2RB-3y2jg_L4f7d1Cwl29NxhJ4SxMAah3QJVDZk9NkAAxnRejQqoAcrDWO1TR4ZgejokETgnh_AOCvN8A:1nPiUc:naIawOfzQsQdWi_ePQuyezH8fChphIfXM-hX_Imdff0", "expire_date": "2022-03-17T10:15:30.791Z"}}, {"model": "sessions.session", "pk": "i93pzj42hselnrqy53hqvzm6z6psh9lw", "fields": {"session_data": ".eJxVjDsOwjAQBe_iGlkbx19Kes5grXcdHEC2FCcV4u4QKQW0b2beS0Tc1hK3npc4sziLUZx-t4T0yHUHfMd6a5JaXZc5yV2RB-3y2jg_L4f7d1Cwl29NxhJ4SxMAah3QJVDZk9NkAAxnRejQqoAcrDWO1TR4ZgejokETgnh_AOCvN8A:1nE9fk:zQaGY5iW5yzf69JYtOlYZDH64ztkX4JzW0z5wUhqZ2s", "expire_date": "2022-02-13T12:51:12.908Z"}}, {"model": "sessions.session", "pk": "ibhq0aq1mkon1zefigw4vh8prdm4qujh", "fields": {"session_data": ".eJxVjEEOwiAQRe_C2pCCDC0u3fcMZJgZpGpoUtqV8e7apAvd_vfef6mI21ri1mSJE6uLcur0uyWkh9Qd8B3rbdY013WZkt4VfdCmx5nleT3cv4OCrXzrnIwTB9kbIDm77AA5I5PkAJS9DMREnfMSesBgPIcBuLfJWt-BF1bvDxkKONw:1nEqoj:mVyDj8XBvdUiOyXbzM_4zxdJx61GS_Vy17Lxr6m87OA", "expire_date": "2022-02-15T10:55:21.660Z"}}, {"model": "sessions.session", "pk": "icse3a8vw9j36xquxbgx4n2zd0lrt7yd", "fields": {"session_data": "eyJuZXh0IjoiLyIsInZrLW9hdXRoMl9zdGF0ZSI6IjVsRnUxUXA2Z1hvaExrR280UXl4RHpEaEV5NkVIT2t6In0:1nMVTI:MKDs2GmrONiQab-Q4g9RYcQNgC43RG8jKOCwzpGf6QA", "expire_date": "2022-03-08T13:44:52.119Z"}}, {"model": "sessions.session", "pk": "idynxauq8j5jo9re671bt2uybpmuuo7i", "fields": {"session_data": ".eJxVjDsOwjAQBe_iGlkbx19Kes5grXcdHEC2FCcV4u4QKQW0b2beS0Tc1hK3npc4sziLUZx-t4T0yHUHfMd6a5JaXZc5yV2RB-3y2jg_L4f7d1Cwl29NxhJ4SxMAah3QJVDZk9NkAAxnRejQqoAcrDWO1TR4ZgejokETgnh_AOCvN8A:1nHPGx:aMQ7Ap1AarepwN5X7-hXZ4qb0OT0Cyr4pn6ztogorOU", "expire_date": "2022-02-22T12:07:03.326Z"}}, {"model": "sessions.session", "pk": "lw33n6ip4tt07k79wkw7us8wy1a8vxhu", "fields": {"session_data": ".eJxVj8FOwzAMht8l59E1XRLS3ThsF9CqgcTEKXISm5ZWDWqyaYB4d1I0IXbx4bM-_7-_2IjnxNZsyRbs1N8EOKa2MjFBwkybqMPu8SPat81BvWz9Jz3tm-qw1_ReP0yNz5KZDXOMOJnOZ4Wra2jB9TjOmxhcB4NxYcLiQmNx6ovn--ZuTr32WohtllCBt1Jaz1EJkgjWkyONvK5kvYKaStJOlEJxL30pbld5Voq04OTQurnMJff39AAxmSG8duO_Yn9_s-8fNlxaaw:1nPK9L:lwcAjWuxLXwvlVOGXl4bFELuDZZkUHDyySr5HWH91fI", "expire_date": "2022-03-16T08:15:55.097Z"}}, {"model": "sessions.session", "pk": "n9tykfwlzu1xsfzkb9royx3dfgkvub6z", "fields": {"session_data": ".eJxVjDsOwjAQBe_iGlkbx19Kes5grXcdHEC2FCcV4u4QKQW0b2beS0Tc1hK3npc4sziLUZx-t4T0yHUHfMd6a5JaXZc5yV2RB-3y2jg_L4f7d1Cwl29NxhJ4SxMAah3QJVDZk9NkAAxnRejQqoAcrDWO1TR4ZgejokETgnh_AOCvN8A:1nESEj:Whvox9_kBYs5XgYnJHLd6S1VwGjmS4kAsrXONVNbG18", "expire_date": "2022-02-14T08:40:33.266Z"}}, {"model": "sessions.session", "pk": "njmhe3v7oxfaxw1qdy9sruucyw5etdqn", "fields": {"session_data": ".eJxVjDsOwjAQBe_iGlkbx19Kes5grXcdHEC2FCcV4u4QKQW0b2beS0Tc1hK3npc4sziLUZx-t4T0yHUHfMd6a5JaXZc5yV2RB-3y2jg_L4f7d1Cwl29NxhJ4SxMAah3QJVDZk9NkAAxnRejQqoAcrDWO1TR4ZgejokETgnh_AOCvN8A:1nU4f8:-WJMyN2BVYkBpv4Xr-lGsW2ltez5SspFiEakVkBvkDc", "expire_date": "2022-03-29T10:44:22.782Z"}}, {"model": "sessions.session", "pk": "odjy9ku1iije0ze89t07uhxwo48ukjly", "fields": {"session_data": ".eJxVj0FugzAQRe_idUsxsV3IjqirVmoTJUpQN9bYHhcEBQkbmqTK3WOqqAqbWbzRm__nl7R49GRJnsgDGevHDgZfJtJ58Bho-V6sd8X6c5Mcfk55dX4p-CvdHuPv3mSrTeuDJCdDDg57WZmgUDGHCnSN7bRxna6gkbrrMbpRF411tH_7yKfUuVeCK4OEAoziXBmKglmOoIzVNkWaJTxbQGZjm2oWM0ENNzF7XoSZCJsyajUqPZW55f6dbsB52XRfVXtX7P9vcrkCFVJaSg:1nPKcs:30u9zXpLvEpyJoiEGt7exXteICLSdC_QSiXw-J3sd_8", "expire_date": "2022-03-16T08:46:26.906Z"}}, {"model": "sessions.session", "pk": "oob2g9vwxsv7ho6kbrhi59326fuxgdpb", "fields": {"session_data": ".eJxVjDsOwjAQBe_iGlnexL9Q0ucM1q69xgFkS_lUiLuTSCmgfTPz3iLgtpawLTyHKYmrcOLyuxHGJ9cDpAfWe5Ox1XWeSB6KPOkix5b4dTvdv4OCS9lrbbwHjkZFzL0F6zBpq7TLSOAtoGHVI0TIQ9cZ9okNJQLqzdDtjSXx-QLavzfD:1nJDvb:GJl2MCEDKtI7wuBRVmgNN8-6Sy_OMYDueoMBC2yuJLg", "expire_date": "2022-02-27T12:24:31.959Z"}}, {"model": "sessions.session", "pk": "pcqtpb6iarej8f99sbnedld66akc5tff", "fields": {"session_data": ".eJxVjDsOwjAQBe_iGlkbx19Kes5grXcdHEC2FCcV4u4QKQW0b2beS0Tc1hK3npc4sziLUZx-t4T0yHUHfMd6a5JaXZc5yV2RB-3y2jg_L4f7d1Cwl29NxhJ4SxMAah3QJVDZk9NkAAxnRejQqoAcrDWO1TR4ZgejokETgnh_AOCvN8A:1nPkcn:hqwEkeaGw0og8i19F--0HZAJZtAwba9geSfhvRT69OM", "expire_date": "2022-03-17T12:32:05.304Z"}}, {"model": "sessions.session", "pk": "t8xp9nhaxlbtw7lvm8vnvdqne1amar43", "fields": {"session_data": "eyJ2ay1vYXV0aDJfc3RhdGUiOiJXY1F3akUzYkhCZXRXQTdpSE4wNU1BOGlZWktYOEYxMSJ9:1nMSC7:VNSyyl7WjSz0vwUTVsaIy8yGFZG4mUnDGuC1aKc9Zno", "expire_date": "2022-03-08T10:14:55.880Z"}}, {"model": "sessions.session", "pk": "w8y66p2uw8o6o1ou4dhw9ip85abaypxi", "fields": {"session_data": ".eJxVjDsOwjAQBe_iGlkbx19Kes5grXcdHEC2FCcV4u4QKQW0b2beS0Tc1hK3npc4sziLUZx-t4T0yHUHfMd6a5JaXZc5yV2RB-3y2jg_L4f7d1Cwl29NxhJ4SxMAah3QJVDZk9NkAAxnRejQqoAcrDWO1TR4ZgejokETgnh_AOCvN8A:1nJawQ:9k_bOOSACeVJDRnuofEVGOHWIv8QilId4nBuiK6g1Sg", "expire_date": "2022-02-28T12:58:54.097Z"}}, {"model": "sessions.session", "pk": "wtin2aucy46mta6nho9383a0niv4ukew", "fields": {"session_data": ".eJxVj0uLwjAUhf9L1mMnt625iTsFZWAWQxdT3IW8-qC1xSbKiMx_NxUR3X6H75x7r2Rwf4GsyCf5IOduMapTaFLpgwouUrPflkVhQx2g3Hztpo2fymLQ9eGC_rdvjlGSsyFP3k2ytVGB_B1qZTo3zIkfTat6acbJJQ_qk3OXlN8_63n13WuUb6KkrVawtGgrZoUDU6FwlGZANSCCYCxDmgJyJgQHvWQ8pwp5JjC3DgSvYulj917dKx9kP9bt8HLY82_yfwMtXVkb:1nMVTo:usn6mfwUYFeD9goAej3NSG9rbVJdgT-0FU-Z0d9d-D0", "expire_date": "2022-03-08T13:45:24.040Z"}}, {"model": "sessions.session", "pk": "xm1jdphspl7wmmjv6je5x64wft6ugr45", "fields": {"session_data": ".eJxVjDsOwjAQBe_iGlkbx19Kes5grXcdHEC2FCcV4u4QKQW0b2beS0Tc1hK3npc4sziLUZx-t4T0yHUHfMd6a5JaXZc5yV2RB-3y2jg_L4f7d1Cwl29NxhJ4SxMAah3QJVDZk9NkAAxnRejQqoAcrDWO1TR4ZgejokETgnh_AOCvN8A:1nShLz:4GdUiK8Fy4kUcIbfwPQqPGwsRXhXdqePSakYpGzFCuM", "expire_date": "2022-03-25T15:38:55.388Z"}}, {"model": "sessions.session", "pk": "xy40wyongzlap2emf00cgrqgyl1b8pt2", "fields": {"session_data": ".eJxVjMEOwiAQRP-FsyFblsXi0bvfQIAFqRqalPZk_Hdp0oPeJvPezFs4v63FbS0tbmJxEUqcfrvg4zPVHfDD1_ss41zXZQpyV-RBm7zNnF7Xw_07KL6VvkbwMTEgpTwEBkYDCs9MxgQ2BDjmbMEMKefRWtZaBewMyJK2PZD4fAHfUTbz:1nCKix:_TuER2AdsqzOjp2COVpj5fZ1egAId0myl3FNQJMTRoo", "expire_date": "2022-02-08T12:14:59.636Z"}}, {"model": "sessions.session", "pk": "y0ks3z9yvwbyms9tkqvetjwa1b85p3mv", "fields": {"session_data": ".eJxVjDsOwjAQBe_iGlkbx19Kes5grXcdHEC2FCcV4u4QKQW0b2beS0Tc1hK3npc4sziLUZx-t4T0yHUHfMd6a5JaXZc5yV2RB-3y2jg_L4f7d1Cwl29NxhJ4SxMAah3QJVDZk9NkAAxnRejQqoAcrDWO1TR4ZgejokETgnh_AOCvN8A:1nPkpS:PQOZhdmLxwkKwLZVW3XviFbbNGGd4lDCnjGg_xgdBZQ", "expire_date": "2022-03-17T12:45:10.578Z"}}, {"model": "social_django.usersocialauth", "pk": 3, "fields": {"user": 16, "provider": "vk-oauth2", "uid": "314465598", "extra_data": "{\"auth_time\": 1646309284, \"id\": 314465598, \"expires\": 86399, \"access_token\": \"e91acdd3049518471e6a9d92329480a03cfb7f9c5b2c20998fb7da06926cd697ff1614e16439cdfa09290\", \"token_type\": null}", "created": "2022-02-22T15:00:00.805Z", "modified": "2022-03-03T12:08:04.369Z"}}, {"model": "mainapp.productcategory", "pk": 29, "fields": {"name": "Мебель", "description": "", "is_active": true}}, {"model": "mainapp.productcategory", "pk": 30, "fields": {"name": "Освещение", "description": "", "is_active": true}}, {"model": "mainapp.productcategory", "pk": 33, "fields": {"name": "Текстиль", "description": "Подушки на стулья,ковры, пледы", "is_active": true}}, {"model": "mainapp.productcategory", "pk": 34, "fields": {"name": "Декор для дома", "description": "Зеркала, вазы и миски,часы", "is_active": true}}, {"model": "mainapp.product", "pk": 12, "fields": {"name": "Рингста", "description": "Текстильный абажур, мягко рассеивающий свет, создает в комнате уютную и располагающую атмосферу.", "category": 30, "short_description": "Лампа настольная - белый / латунь 41 см", "price": "450.00", "price_with_discount": "350.00", "quantity": 100, "image": "products_image/product-90_ZkALoAl.jpg", "is_active": true}}, {"model": "mainapp.product", "pk": 13, "fields": {"name": "Светодиодная", "description": "", "category": 30, "short_description": "", "price": "1065.00", "price_with_discount": "0.00", "quantity": 0, "image": "products_image/product-11.jpg", "is_active": true}}, {"model": "mainapp.product", "pk": 14, "fields": {"name": "светодиодная ЯНШО", "description": "Регулируемый штатив позволяет изменять направление света.Потребляет на 85 % меньше электроэнергии и служит в 10 раз дольше.", "category": 30, "short_description": "Рабочая лампа, цвет красный", "price": "1500.00", "price_with_discount": "1410.00", "quantity": 202, "image": "products_image/product-lava_VJafQYk.jpg", "is_active": true}}, {"model": "mainapp.product", "pk": 15, "fields": {"name": "Настольная лампа Boku", "description": "Красивая и стильная лампа украсит любой интерьер.цвет металла-золото.", "category": 30, "short_description": "Современная настольная лампа.", "price": "1488.00", "price_with_discount": "1388.00", "quantity": 101, "image": "products_image/product-1_hCdFnvH.jpg", "is_active": true}}, {"model": "mainapp.product", "pk": 16, "fields": {"name": "Стул Хенриксдаль", "description": "Высокая спинка и сиденье с наполнителем из полиэстерной ваты обеспечивают максимальный комфорт.Ножки стульев изготовлены из массива дерева – прочного натурального материала.", "category": 29, "short_description": "Удобный и компактный", "price": "3600.98", "price_with_discount": "2600.98", "quantity": 99, "image": "products_image/product-4_16V9cz0.jpg", "is_active": true}}, {"model": "mainapp.product", "pk": 17, "fields": {"name": "Стул  Лонгфьелль", "description": "Просторное сиденье с наполнителем из высокоэластичного пенополиуретана.", "category": 29, "short_description": "Рабочий стул с подлокотниками - Гуннаред бежевый, белый", "price": "4990.00", "price_with_discount": "4777.96", "quantity": 88, "image": "products_image/product-2_KOicYBM.jpg", "is_active": true}}, {"model": "mainapp.product", "pk": 18, "fields": {"name": "Стул Belen", "description": "Изящный стул Белен", "category": 29, "short_description": "", "price": "5990.00", "price_with_discount": "0.00", "quantity": 98, "image": "products_image/product-21.jpg", "is_active": true}}, {"model": "mainapp.product", "pk": 19, "fields": {"name": "Стол СП-12", "description": "Стильный раскладной обеденный стол", "category": null, "short_description": "", "price": "4300.00", "price_with_discount": "0.00", "quantity": 1, "image": "products_image/table2.jpg", "is_active": false}}, {"model": "mainapp.product", "pk": 20, "fields": {"name": "Cтол SCANDICA", "description": "Письменный стол Хортен поможет организовать удобное рабочее место", "category": null, "short_description": "", "price": "7455.00", "price_with_discount": "0.00", "quantity": 1, "image": "products_image/table1.jpg", "is_active": false}}, {"model": "mainapp.product", "pk": 21, "fields": {"name": "Стол Онтарио", "description": "Вписывается в любое стилистическое решение", "category": null, "short_description": "", "price": "22055.00", "price_with_discount": "0.00", "quantity": 7, "image": "products_image/table3.jpg", "is_active": false}}, {"model": "mainapp.product", "pk": 22, "fields": {"name": "Бра из мрамора", "description": "Этот настенный светильник состоит из ореола сделан с белого мрамора «Morwad».", "category": 30, "short_description": "Бра STW01EU.01", "price": "1760.77", "price_with_discount": "740.00", "quantity": 97, "image": "products_image/product-44_npFHhwr.jpg", "is_active": true}}, {"model": "mainapp.product", "pk": 23, "fields": {"name": "белый Диван-кровать", "description": "Комфортная мебель с мягким глубоким сиденьем и оптимальной опорой для спины.", "category": 29, "short_description": "белый Диван-кровать 3-местный КИВИК", "price": "255888.00", "price_with_discount": "150999.00", "quantity": 204, "image": "products_image/product-3-sm_Uz4tCnn.jpg", "is_active": true}}, {"model": "mainapp.product", "pk": 24, "fields": {"name": "Подушка Kariguz Basic", "description": "Ткань: 100% хлопок.\r\nРазмер, см: 68х68", "category": 33, "short_description": "Коллекция из лебяжьего пуха", "price": "299.00", "price_with_discount": "199.00", "quantity": 333, "image": "products_image/product-1-lg_lKsdk4O.jpg", "is_active": false}}, {"model": "mainapp.product", "pk": 25, "fields": {"name": "Фрихульт", "description": "Благодаря  использованию металла и стекла светильник напоминает винтажные лампы.", "category": 30, "short_description": "Бра, цвет нержавеющей стали", "price": "2599.00", "price_with_discount": "2400.00", "quantity": 203, "image": "products_image/product-41_EudJwDf.jpg", "is_active": true}}, {"model": "mainapp.product", "pk": 26, "fields": {"name": "Скафтет", "description": "Текстильный абажур создает в комнате уютную атмосферу.", "category": 30, "short_description": "Лампа настольная, черный/никелированный, 41 см", "price": "1499.00", "price_with_discount": "1398.98", "quantity": 68, "image": "products_image/product-31.jpg", "is_active": true}}, {"model": "mainapp.product", "pk": 27, "fields": {"name": "Ваза Стилрен (белый)", "description": "В вазу можно ставить цветы или использовать ее без цветов как аксессуар для оформления интерьера.", "category": 34, "short_description": "Каменная керамика, Цветная глазурь", "price": "577.88", "price_with_discount": "377.99", "quantity": 50, "image": "products_image/product-61.jpg", "is_active": true}}, {"model": "mainapp.product", "pk": 28, "fields": {"name": "Плуттис", "description": "Серые настенные часы ПЛУТТИС будут сразу же привлекать к себе внимание в интерьере.", "category": 34, "short_description": "Настенные часы, серый 28 см", "price": "699.09", "price_with_discount": "598.98", "quantity": 65, "image": "products_image/product-4-sm.jpg", "is_active": true}}, {"model": "mainapp.product", "pk": 29, "fields": {"name": "Ваза настольная \"Оригами\"", "description": "Ваза для цветов белого цвета для украшения стола, книжной или каминной полки. Удобна для размещения цветов и композиций из сухоцветов небольшой высоты.", "category": 34, "short_description": "Ваза настольная, серая, 26 см", "price": "1095.00", "price_with_discount": "905.99", "quantity": 77, "image": "products_image/product-3.jpg", "is_active": true}}, {"model": "mainapp.product", "pk": 30, "fields": {"name": "Зеркало Tatkraft \"Eos\"", "description": "Двухстороннее настольное зеркало Tatkraft \"Eos\" с увеличением с одной стороны отлично подойдет для нанесения макияжа и проведения процедур по уходу за кожей лица.", "category": 34, "short_description": "Зеркало двухстороннее Tatkraft \"Eos\", настольное, диаметр 17 см", "price": "6780.00", "price_with_discount": "4500.99", "quantity": 338, "image": "products_image/product-2-sm.jpg", "is_active": true}}, {"model": "mainapp.product", "pk": 31, "fields": {"name": "Плед из смесовой шерсти Grey", "description": "Плед из смесовой шерсти согреет вас дома, в дороге или на природе. Отличный вариант для подарка.", "category": 33, "short_description": "Плед из смесовой шерсти Grey", "price": "1500.00", "price_with_discount": "1300.97", "quantity": 44, "image": "products_image/product-87.jpg", "is_active": true}}, {"model": "mainapp.product", "pk": 32, "fields": {"name": "Плед Asanoha", "description": "Двусторонний плед с вывязанным рисункомодинаковый рисунок на обеих сторонах, инвертированное изображение , ,100% шерсть мериноса — натуральный материал.", "category": 33, "short_description": "Плед Asanoha красный", "price": "9890.99", "price_with_discount": "8900.99", "quantity": 10, "image": "products_image/product-88_mUAFxGb.jpg", "is_active": true}}, {"model": "authapp.shopuser", "pk": 1, "fields": {"password": "pbkdf2_sha256$260000$6a4pNz3qiC43eBnvrzQrim$0QQgKqwGX+xxpS5PArAh58KTyRK+VcZU4RM9E6JDiBU=", "last_login": null, "is_superuser": true, "username": "django", "first_name": "", "last_name": "", "email": "django@geekshop.local", "is_staff": true, "is_active": true, "date_joined": "2022-01-19T11:07:43Z", "age": 20, "city": "Казань", "phone_number": "", "avatar": "user_avatars/270x270-male-avatar.png", "activation_key": null, "activation_expiration_date": "2022-02-18T13:23:35.047Z", "groups": [], "user_permissions": []}}, {"model": "authapp.shopuser", "pk": 2, "fields": {"password": "pbkdf2_sha256$260000$N9rAlaqM0Hlo93WI586txf$fEKo7zOf/ID4+K8K5rDvEwI1Kyy3KmtEJgez9fP5XC8=", "last_login": "2022-01-25T12:14:59.628Z", "is_superuser": false, "username": "Sasha", "first_name": "Sashka", "last_name": "", "email": "sasha_shubina5@mail.ru", "is_staff": false, "is_active": false, "date_joined": "2022-01-19T12:43:33.244Z", "age": 19, "city": "Казань", "phone_number": "89107959403", "avatar": "", "activation_key": null, "activation_expiration_date": "2022-02-18T13:23:35.047Z", "groups": [], "user_permissions": []}}, {"model": "authapp.shopuser", "pk": 3, "fields": {"password": "pbkdf2_sha256$260000$UvIZQyBEBx7IJ76svXAzyi$5/hwK6PUSiG7VJSJ62m4duR1FJy+hxJ/86/NMXXLb0M=", "last_login": "2022-03-15T10:44:22.749Z", "is_superuser": true, "username": "admin", "first_name": "Vlad", "last_name": "Burdaev", "email": "admin@list.ru", "is_staff": true, "is_active": true, "date_joined": "2022-01-24T17:48:55Z", "age": 44, "city": "Казань", "phone_number": "81902939456", "avatar": "user_avatars/default-avatar_270.jpg", "activation_key": null, "activation_expiration_date": "2022-02-18T13:23:35.047Z", "groups": [], "user_permissions": []}}, {"model": "authapp.shopuser", "pk": 4, "fields": {"password": "pbkdf2_sha256$260000$EoYUATrWKbJGa234E4VpgY$pSxLljpMMuf66LGjOo9H6Vewg/3g+EF6npFuZavnh54=", "last_login": "2022-02-08T11:54:31.555Z", "is_superuser": false, "username": "Olga_22", "first_name": "Olga", "last_name": "", "email": "olga_cadulina44@mail.ru", "is_staff": false, "is_active": false, "date_joined": "2022-01-31T14:50:22.373Z", "age": 20, "city": "Казань", "phone_number": "891027465783", "avatar": "", "activation_key": null, "activation_expiration_date": "2022-02-18T13:23:35.047Z", "groups": [], "user_permissions": []}}, {"model": "authapp.shopuser", "pk": 5, "fields": {"password": "pbkdf2_sha256$260000$VAViCsd7o9oX8wMeYN8z53$y5sjf7WKXRVJs3t2cIbFxXmceQX5jP/9vlWgSzG2odY=", "last_login": null, "is_superuser": false, "username": "Larisa", "first_name": "Larisa", "last_name": "", "email": "larisa_sp@mail.ru", "is_staff": false, "is_active": true, "date_joined": "2022-02-11T09:53:10Z", "age": 45, "city": "Казань", "phone_number": "89201845854", "avatar": "user_avatars/270x270-female-avatar.png", "activation_key": null, "activation_expiration_date": "2022-02-18T13:23:35.047Z", "groups": [], "user_permissions": []}}, {"model": "authapp.shopuser", "pk": 6, "fields": {"password": "pbkdf2_sha256$260000$dFlRf2mDLRe2QYCQX96tiG$KzwaS/8t13H1uLCPMEo34/jhS5dHBATuqmwSDHuFME0=", "last_login": null, "is_superuser": false, "username": "Vitalik", "first_name": "Виталик", "last_name": "", "email": "vitalik11@mail.ru", "is_staff": false, "is_active": true, "date_joined": "2022-02-11T09:58:00Z", "age": 22, "city": "Казань", "phone_number": "89011345654", "avatar": "user_avatars/270x270-male-avatar_qLDEKs0.png", "activation_key": null, "activation_expiration_date": "2022-02-18T13:23:35.047Z", "groups": [], "user_permissions": []}}, {"model": "authapp.shopuser", "pk": 7, "fields": {"password": "pbkdf2_sha256$260000$28of3tDFTIS993OmqFe6AH$uD0qdSJlrqeGErXM28ZjbCOyrIBJcrQZ2up2AEMytvY=", "last_login": "2022-02-18T07:58:21.068Z", "is_superuser": false, "username": "Liza", "first_name": "Elizaveta", "last_name": "", "email": "liza-kz@yandex.ru", "is_staff": false, "is_active": true, "date_joined": "2022-02-13T12:17:34.783Z", "age": 70, "city": "Казань", "phone_number": "89101851955", "avatar": "user_avatars/270x270-female-avatar_mkjvnu5.png", "activation_key": null, "activation_expiration_date": "2022-02-18T13:23:35.047Z", "groups": [], "user_permissions": []}}, {"model": "authapp.shopuser", "pk": 9, "fields": {"password": "pbkdf2_sha256$260000$romZ7OTJT6ep8bNxAHua6b$cAEVWTM8xw07rvgB3wn4AK7W3jVtZws9w0TqCtVhhlQ=", "last_login": null, "is_superuser": false, "username": "Зинаида_70", "first_name": "Zina", "last_name": "", "email": "zina@list.ru", "is_staff": false, "is_active": true, "date_joined": "2022-02-16T13:31:02.522Z", "age": 66, "city": "Казань", "phone_number": "89104563212", "avatar": "", "activation_key": null, "activation_expiration_date": "2022-02-18T13:31:02.522Z", "groups": [], "user_permissions": []}}, {"model": "authapp.shopuser", "pk": 10, "fields": {"password": "pbkdf2_sha256$260000$xFGA61Jl7fyiKloBpwHcV6$TDzFLMymUSoZvEPqDqhYc7g/Km4d0HjuR4B3KUkspas=", "last_login": "2022-02-17T13:52:45.978Z", "is_superuser": false, "username": "Zinka_50", "first_name": "Zinaida", "last_name": "", "email": "zinaida@localhost", "is_staff": false, "is_active": true, "date_joined": "2022-02-17T13:52:35.144Z", "age": 70, "city": "Казань", "phone_number": "89034567213", "avatar": "", "activation_key": null, "activation_expiration_date": "2022-02-19T13:52:35.144Z", "groups": [], "user_permissions": []}}, {"model": "authapp.shopuser", "pk": 11, "fields": {"password": "pbkdf2_sha256$260000$iBxbzBpCi5WkEP9RAkZLDP$uoFwp6Gzbw30MaJ/ryHdAebHwMaOt16qOtctYVjDgH4=", "last_login": null, "is_superuser": false, "username": "Zina_33", "first_name": "Зинаида", "last_name": "", "email": "zinaida@localhost", "is_staff": false, "is_active": false, "date_joined": "2022-02-17T14:09:47.922Z", "age": 70, "city": "Казань", "phone_number": "89107959407", "avatar": "", "activation_key": "994e2498a070edafc8e532a90db7ac17f2b291ac", "activation_expiration_date": "2022-02-19T14:09:47.922Z", "groups": [], "user_permissions": []}}, {"model": "authapp.shopuser", "pk": 15, "fields": {"password": "pbkdf2_sha256$260000$mrth2dCuqC1KuLhNldHM5L$xApgC+Awt7FSVu7V5yyPy4itej/N67JHHYNQjJ5AqSw=", "last_login": null, "is_superuser": false, "username": "Alex", "first_name": "Alexseev", "last_name": "", "email": "alex@yandex.com", "is_staff": false, "is_active": false, "date_joined": "2022-02-22T14:59:45.074Z", "age": 33, "city": "Дзержинск", "phone_number": "897645544", "avatar": "", "activation_key": "9cb3d43d57f58edf1329811499dd3e343fdc688d", "activation_expiration_date": "2022-02-24T14:59:45.074Z", "groups": [], "user_permissions": []}}, {"model": "authapp.shopuser", "pk": 16, "fields": {"password": "!rKaldB3YH672Jf1sIME7Vz9ephUb7ZQsd3hd91Ox", "last_login": "2022-03-03T12:08:04.431Z", "is_superuser": false, "username": "id314465598", "first_name": "Александра", "last_name": "Шубина", "email": "", "is_staff": false, "is_active": true, "date_joined": "2022-02-22T15:00:00.643Z", "age": 18, "city": "", "phone_number": "", "avatar": "", "activation_key": null, "activation_expiration_date": "2022-02-24T15:00:00.643Z", "groups": [], "user_permissions": []}}, {"model": "authapp.shopuserprofile", "pk": 1, "fields": {"user": 1, "tagline": "", "aboutMe": "", "gender": ""}}, {"model": "authapp.shopuserprofile", "pk": 2, "fields": {"user": 2, "tagline": "", "aboutMe": "", "gender": ""}}, {"model": "authapp.shopuserprofile", "pk": 3, "fields": {"user": 3, "tagline": "", "aboutMe": "", "gender": ""}}, {"model": "authapp.shopuserprofile", "pk": 4, "fields": {"user": 4, "tagline": "", "aboutMe": "", "gender": ""}}, {"model": "authapp.shopuserprofile", "pk": 5, "fields": {"user": 5, "tagline": "", "aboutMe": "", "gender": ""}}, {"model": "authapp.shopuserprofile", "pk": 6, "fields": {"user": 6, "tagline": "", "aboutMe": "", "gender": ""}}, {"model": "authapp.shopuserprofile", "pk": 7, "fields": {"user": 7, "tagline": "", "aboutMe": "", "gender": ""}}, {"model": "authapp.shopuserprofile", "pk": 9, "fields": {"user": 9, "tagline": "", "aboutMe": "", "gender": ""}}, {"model": "authapp.shopuserprofile", "pk": 10, "fields": {"user": 10, "tagline": "", "aboutMe": "", "gender": ""}}, {"model": "authapp.shopuserprofile", "pk": 11, "fields": {"user": 11, "tagline": "", "aboutMe": "", "gender": ""}}, {"model": "authapp.shopuserprofile", "pk": 15, "fields": {"user": 15, "tagline": "", "aboutMe": "", "gender": ""}}, {"model": "authapp.shopuserprofile", "pk": 16, "fields": {"user": 16, "tagline": "", "aboutMe": "", "gender": "W"}}, {"model": "cartapp.cart", "pk": 1, "fields": {"user": 2, "product": 15, "quantity": 1, "add_datetime": "2022-01-25T12:15:19.875Z"}}, {"model": "cartapp.cart", "pk": 55, "fields": {"user": 4, "product": 21, "quantity": 1, "add_datetime": "2022-02-01T14:18:34.015Z"}}, {"model": "cartapp.cart", "pk": 57, "fields": {"user": 7, "product": 14, "quantity": 1, "add_datetime": "2022-02-13T12:18:03.701Z"}}, {"model": "cartapp.cart", "pk": 80, "fields": {"user": 7, "product": 12, "quantity": 1, "add_datetime": "2022-02-18T09:03:45.384Z"}}, {"model": "cartapp.cart", "pk": 81, "fields": {"user": 7, "product": 18, "quantity": 2, "add_datetime": "2022-02-18T09:48:44.897Z"}}, {"model": "ordersapp.order", "pk": 1, "fields": {"user": 16, "created": "2022-02-25T10:15:47.816Z", "updated": "2022-02-25T11:41:50.276Z", "status": "FM", "is_active": false}}, {"model": "ordersapp.order", "pk": 2, "fields": {"user": 16, "created": "2022-02-25T11:43:20.047Z", "updated": "2022-02-25T12:29:25.425Z", "status": "STP", "is_active": true}}, {"model": "ordersapp.order", "pk": 3, "fields": {"user": 16, "created": "2022-02-25T11:43:30.963Z", "updated": "2022-02-25T12:14:16.853Z", "status": "STP", "is_active": true}}, {"model": "ordersapp.order", "pk": 4, "fields": {"user": 16, "created": "2022-02-25T11:43:40.384Z", "updated": "2022-02-25T11:43:43.244Z", "status": "FM", "is_active": false}}, {"model": "ordersapp.order", "pk": 5, "fields": {"user": 16, "created": "2022-02-25T12:21:06.620Z", "updated": "2022-02-25T13:08:15.891Z", "status": "FM", "is_active": true}}, {"model": "ordersapp.order", "pk": 6, "fields": {"user": 16, "created": "2022-03-02T08:30:16.242Z", "updated": "2022-03-02T08:30:16.269Z", "status": "FM", "is_active": false}}, {"model": "ordersapp.order", "pk": 7, "fields": {"user": 16, "created": "2022-03-02T08:30:41.617Z", "updated": "2022-03-02T08:30:41.635Z", "status": "FM", "is_active": true}}, {"model": "ordersapp.order", "pk": 8, "fields": {"user": 16, "created": "2022-03-02T09:44:38.737Z", "updated": "2022-03-02T09:46:18.147Z", "status": "FM", "is_active": false}}, {"model": "ordersapp.order", "pk": 9, "fields": {"user": 16, "created": "2022-03-02T10:00:50.602Z", "updated": "2022-03-02T10:00:50.626Z", "status": "FM", "is_active": true}}, {"model": "ordersapp.order", "pk": 10, "fields": {"user": 16, "created": "2022-03-02T10:01:44.695Z", "updated": "2022-03-02T10:01:44.715Z", "status": "FM", "is_active": true}}, {"model": "ordersapp.order", "pk": 11, "fields": {"user": 16, "created": "2022-03-02T10:02:34.216Z", "updated": "2022-03-02T10:02:34.233Z", "status": "FM", "is_active": true}}, {"model": "ordersapp.order", "pk": 12, "fields": {"user": 3, "created": "2022-03-03T12:44:06.588Z", "updated": "2022-03-15T12:56:47.776Z", "status": "FM", "is_active": true}}, {"model": "ordersapp.order", "pk": 14, "fields": {"user": 3, "created": "2022-03-14T12:58:16.643Z", "updated": "2022-03-14T12:58:34.731Z", "status": "STP", "is_active": true}}, {"model": "ordersapp.order", "pk": 17, "fields": {"user": 3, "created": "2022-03-14T13:30:38.092Z", "updated": "2022-03-14T13:31:46.548Z", "status": "STP", "is_active": true}}, {"model": "ordersapp.order", "pk": 18, "fields": {"user": 3, "created": "2022-03-14T13:40:19.494Z", "updated": "2022-03-14T13:40:57.810Z", "status": "STP", "is_active": true}}, {"model": "ordersapp.order", "pk": 19, "fields": {"user": 3, "created": "2022-03-14T13:41:24.142Z", "updated": "2022-03-21T13:01:19.221Z", "status": "FM", "is_active": true}}, {"model": "ordersapp.order", "pk": 20, "fields": {"user": 3, "created": "2022-03-14T13:46:37.806Z", "updated": "2022-03-14T13:46:53.546Z", "status": "STP", "is_active": true}}, {"model": "ordersapp.order", "pk": 21, "fields": {"user": 3, "created": "2022-03-14T13:47:03.531Z", "updated": "2022-03-15T08:18:18.632Z", "status": "STP", "is_active": true}}, {"model": "ordersapp.order", "pk": 23, "fields": {"user": 3, "created": "2022-03-21T13:01:36.684Z", "updated": "2022-03-21T13:02:01.085Z", "status": "FM", "is_active": true}}, {"model": "ordersapp.orderitem", "pk": 1, "fields": {"order": 1, "product": 21, "quantity": 1}}, {"model": "ordersapp.orderitem", "pk": 2, "fields": {"order": 2, "product": 18, "quantity": 1}}, {"model": "ordersapp.orderitem", "pk": 3, "fields": {"order": 2, "product": 18, "quantity": 1}}, {"model": "ordersapp.orderitem", "pk": 4, "fields": {"order": 2, "product": 18, "quantity": 1}}, {"model": "ordersapp.orderitem", "pk": 5, "fields": {"order": 2, "product": 18, "quantity": 1}}, {"model": "ordersapp.orderitem", "pk": 6, "fields": {"order": 2, "product": 19, "quantity": 1}}, {"model": "ordersapp.orderitem", "pk": 7, "fields": {"order": 2, "product": 19, "quantity": 1}}, {"model": "ordersapp.orderitem", "pk": 8, "fields": {"order": 2, "product": 19, "quantity": 1}}, {"model": "ordersapp.orderitem", "pk": 9, "fields": {"order": 2, "product": 19, "quantity": 1}}, {"model": "ordersapp.orderitem", "pk": 10, "fields": {"order": 2, "product": 12, "quantity": 1}}, {"model": "ordersapp.orderitem", "pk": 11, "fields": {"order": 2, "product": 12, "quantity": 1}}, {"model": "ordersapp.orderitem", "pk": 12, "fields": {"order": 2, "product": 12, "quantity": 1}}, {"model": "ordersapp.orderitem", "pk": 13, "fields": {"order": 2, "product": 12, "quantity": 1}}, {"model": "ordersapp.orderitem", "pk": 14, "fields": {"order": 3, "product": 20, "quantity": 5}}, {"model": "ordersapp.orderitem", "pk": 15, "fields": {"order": 4, "product": 14, "quantity": 1}}, {"model": "ordersapp.orderitem", "pk": 16, "fields": {"order": 5, "product": 13, "quantity": 1}}, {"model": "ordersapp.orderitem", "pk": 17, "fields": {"order": 5, "product": 20, "quantity": 1}}, {"model": "ordersapp.orderitem", "pk": 18, "fields": {"order": 7, "product": 13, "quantity": 1}}, {"model": "ordersapp.orderitem", "pk": 19, "fields": {"order": 8, "product": 14, "quantity": 5}}, {"model": "ordersapp.orderitem", "pk": 20, "fields": {"order": 9, "product": 14, "quantity": 12}}, {"model": "ordersapp.orderitem", "pk": 21, "fields": {"order": 10, "product": 12, "quantity": 4}}, {"model": "ordersapp.orderitem", "pk": 22, "fields": {"order": 11, "product": 15, "quantity": 5}}, {"model": "ordersapp.orderitem", "pk": 23, "fields": {"order": 12, "product": 19, "quantity": 1}}, {"model": "ordersapp.orderitem", "pk": 26, "fields": {"order": 12, "product": 13, "quantity": 5}}, {"model": "ordersapp.orderitem", "pk": 27, "fields": {"order": 12, "product": 20, "quantity": 5}}, {"model": "ordersapp.orderitem", "pk": 28, "fields": {"order": 12, "product": 19, "quantity": 4}}, {"model": "ordersapp.orderitem", "pk": 29, "fields": {"order": 12, "product": 16, "quantity": 3}}, {"model": "ordersapp.orderitem", "pk": 30, "fields": {"order": 14, "product": 16, "quantity": 3}}, {"model": "ordersapp.orderitem", "pk": 33, "fields": {"order": 17, "product": 18, "quantity": 2}}, {"model": "ordersapp.orderitem", "pk": 34, "fields": {"order": 18, "product": 22, "quantity": 3}}, {"model": "ordersapp.orderitem", "pk": 36, "fields": {"order": 20, "product": 18, "quantity": 2}}, {"model": "ordersapp.orderitem", "pk": 37, "fields": {"order": 21, "product": 18, "quantity": 4}}, {"model": "ordersapp.orderitem", "pk": 39, "fields": {"order": 19, "product": 15, "quantity": 2}}, {"model": "ordersapp.orderitem", "pk": 42, "fields": {"order": 19, "product": 22, "quantity": 0}}, {"model": "ordersapp.orderitem", "pk": 43, "fields": {"order": 23, "product": 18, "quantity": 1}}, {"model": "ordersapp.orderitem", "pk": 44, "fields": {"order": 23, "product": 22, "quantity": 3}}]